H1,,,,H2,,,,H3,,,,H4,,,,H5,,,,H6,,,,H7,,,,H8,,,,H9,,,,H10,,,,H11,,,,H12,,,,H13,,,,H14,,,,H15,,,,H16,,,,H17,,,,H18,,,,H19,,,,H20,,,,H21,,,,H22,,,,H23,,,
Total_week,NonHVAC_week,Total_off,NonHVAC_off,Total_week,NonHVAC_week,Total_off,NonHVAC_off,Total_week,NonHVAC_week,Total_off,NonHVAC_off,Total_week,NonHVAC_week,Total_off,NonHVAC_off,Total_week,NonHVAC_week,Total_off,NonHVAC_off,Total_week,NonHVAC_week,Total_off,NonHVAC_off,Total_week,NonHVAC_week,Total_off,NonHVAC_off,Total_week,NonHVAC_week,Total_off,NonHVAC_off,Total_week,NonHVAC_week,Total_off,NonHVAC_off,Total_week,NonHVAC_week,Total_off,NonHVAC_off,Total_week,NonHVAC_week,Total_off,NonHVAC_off,Total_week,NonHVAC_week,Total_off,NonHVAC_off,Total_week,NonHVAC_week,Total_off,NonHVAC_off,Total_week,NonHVAC_week,Total_off,NonHVAC_off,Total_week,NonHVAC_week,Total_off,NonHVAC_off,Total_week,NonHVAC_week,Total_off,NonHVAC_off,Total_week,NonHVAC_week,Total_off,NonHVAC_off,Total_week,NonHVAC_week,Total_off,NonHVAC_off,Total_week,NonHVAC_week,Total_off,NonHVAC_off,Total_week,NonHVAC_week,Total_off,NonHVAC_off,Total_week,NonHVAC_week,Total_off,NonHVAC_off,Total_week,NonHVAC_week,Total_off,NonHVAC_off,Total_week,NonHVAC_week,Total_off,NonHVAC_off
9.6025,9.43597106666666,5.14375,4.97721224999998,13.5475000116667,13.1707399666667,4.17624999999999,3.79463744999999,16.95375,11.5771994333333,20.65875,20.1924804666667,10.42487195,10.12892945,8.38096113333334,8.09683461666666,19.81,13.312159,18.72375,18.5309033333333,32.64875,31.8098966666666,30.8775,30.6543,25.38,10.4671921666667,19.89375,10.4358135,20.15,19.8644494175,39.28125,39.1107408,35.68125,26.1472875,38.045,23.0913818333333,52.06,32.7969966666667,50.3325,31.20225,31.97125,31.81285,22.80125,22.64285,27.1025,23.51779,34.57375,31.0998411666667,12.3,5.91061866666666,21.565,5.80061466666667,44.38875,20.8312533333333,17.8375,9.949675,20.875,12.3467805,19.725,10.87575,14.24375,12.4804475,29.6725,12.3992408333333,8.05375066666667,6.67663233333333,7.57125000000001,6.326175,23.87125,7.48895466666667,35.3650000000001,9.54027700000001,19.660002,2.536,6.441253,6.25802033333332,20.29,7.53689066666667,27.295,11.2457501666667,17.25,17.1171323333333,17.015,16.878295,6.20124999999999,6.00691533333334,3.76750000000001,3.59790733333333,14.85875,8.68164683333334,13.805,8.14406466666666
13.8825,13.716031,5.6825,5.5159595,6.23249999999999,5.85089376666668,6.33749999999999,5.95589333333335,18.39625,17.6951044,10.235,9.74975166666666,11.1191668166667,10.8074048166667,11.2900002333333,10.9775731,25.6725,18.028877,23.19375,22.9923555,25.66,25.4346606666667,32.7875,32.5621196666666,38.81625,9.72450683333333,44.91625,9.56201683333333,50.5925,49.3252095066667,26.04375,25.04728523,40.07125,27.6461315,36.395,29.161853,60.70625,35.3045,32.83625,22.24775,25.65125,25.49285,31.3012500000001,31.14285,32.02625,29.5081103333333,32.89375,30.7434371666666,14.395,7.26313516666667,21.005,6.19454516666667,24.5525,13.892649,25.2575,8.77700683333332,25.9325,14.495,35.045,14.34575,11.57375,10.3458561666666,55.025,26.5460203333333,4.64,4.49582966666667,19.6675,7.10792433333333,7.47625,7.32683383333334,46.8712500000001,10.059,15.34375,2.94913183333334,23.7050006666667,5.14544983333334,10.80125,6.58771916666668,29.915,10.9090918333333,21.60875,21.4730043333333,17.595,17.456856,4.57375000000001,4.40106999999998,3.82625000000002,3.65596833333334,4.8,4.65130333333334,11.78125,4.56758983333333
8.49249999999999,8.32596673333332,15.1125,14.94608655,6.67375,6.29214363333334,6.49874999999999,6.11713861666668,15.075,14.5897796666667,8.025,7.53974066666666,27.8825000833333,12.4288350833333,24.2675,7.79416808333333,12.265,12.06362695,12.9625,12.7611246833333,28.85125,28.6258643333333,21.05125,20.8259316666667,59.8025,14.6642078333333,52.58375,11.4732535,26.6,25.6056233833333,29.84625,28.862790295,49.89875,34.6417536666667,43.57625,28.728982,48.91875,26.925,32.31875,21.63275,21.50625,21.34785,24.71375,24.55535,21.83125,20.6214028333333,22.07375,21.0533038333333,18.12375,8.8873325,18.4,5.51862266666667,25.28125,10.0704163333333,24.19625,7.58000733333333,25.34375,12.296,22.225,10.5970033333333,24.88625,12.8748736666667,46.61375,17.4379368333333,4.72125,4.57183383333335,40.3,8.803749,26.6650000000001,6.20722583333332,43.53625,6.17499999999999,2.48000433333334,2.30443116666668,25.00625,4.64751516666667,23.295,7.91166200000001,34.87875,10.6035088333333,19.03,18.888228,10.3599986666667,10.2286745,4.65875000000001,4.48918783333334,22.84875,12.1071181666667,6.16875000000001,6.01861433333332,20.255,4.04211633333333
14.53375,14.36741025,45.03,19.9279968833333,8.87625,8.49464640000002,11.0416666666667,10.6600611166667,16.4375,15.952273,17.71875,11.7506455333333,9.00749980000001,8.70965101666666,12.0310714333333,11.7330582833333,11.96375,11.7623856666667,15.37875,9.75589621666667,24.42,24.1946173333333,34.3375,30.4190105,56.80375,17.0008011666667,30.02375,12.326,29.0975,28.087082735,32.7875,31.7523232683333,36.3175,30.471186,41.62,27.136957,42.65375,28.78175,77.1,54.47325,16.5325,16.3741,20.73375,20.57535,27.8424999999999,26.903973,26.9962499999999,25.9572793333333,30.94125,16.850858,12.74375,5.4717515,34.2125,23.0583161666667,28.455,9.62375666666667,25.30375,15.64825,21.51125,19.9242175,22.0837499999999,12.9492871666667,29.3325,17.6452543333333,28.53125,7.43748433333334,9.27375,6.65774249999999,42.96625,7.19199999999999,22.81,9.92418333333334,3.350836,3.17287966666667,20.29625,2.56242616666666,26.825,18.2186203333333,24.605,14.5265183333333,16.4275,16.2917543333333,10.50875,10.3670085,3.73250000000002,3.56221833333334,11.3,11.1296878333333,3.07250000000001,2.92380333333334,21.405,9.55494066666667
18.6225,18.4560947666667,13.265,13.0972032,7.55125,7.16964666666668,14.8,14.4183950333333,12.03625,11.5510363333333,8.92,8.4356471,13.1675001833333,12.8695031,13.5539284666667,13.2559507833333,17.30875,17.107347,18.05625,17.8518167833333,27.39625,27.1708946666666,22.82125,22.5955285,39.93875,20.6509998333333,40.28,22.61825,26.55875,25.5473803166667,30.6025,29.5979940633333,35.19125,30.621789,43.13375,32.3130296666667,37.5125,25.66025,85.0625,51.8975,22.8425,22.6841,25.04625,24.88785,17.70125,16.79746,25.055,21.134686,26.07375,10.4908518333333,14.165,4.68033583333333,20.7075,9.71025583333333,33.425,11.9801436666667,17.91125,9.4595,14.395,9.70884399999998,12.765,12.029875,39.69,15.4500048333333,19.23375,5.52598966666667,30.16125,6.78150033333334,39.8037499999999,9.3146525,40.45,6.05575199999999,25.103755,4.10372666666666,17.81625,2.86270766666667,20.98125,7.5208105,24.85375,6.53334566666666,26.51875,26.3858823333333,11.0275,10.8946323333333,3.88625000000002,3.71524883333332,4.26000000000002,4.08896833333334,12.5525,3.10392216666666,2.95625,2.80683383333334
22.34375,22.177372,11.2275,11.0597046333333,8.58249999999997,8.2008945,4.13374999999999,3.75213936666666,10.35625,9.87100566666666,11.91,11.4256393333333,12.90249985,12.6042989666667,13.3200001333334,13.0223982666666,14.4075,14.2061273333333,16.8025,16.6009,23.8575,23.6321123333333,28.37625,28.1505696666666,35.265,11.5987506666667,30.6475,15.8906004833333,22.315,21.3188439733333,26.60375,25.5773494,43.925,28.9021926666667,38.30625,27.6100881666667,88.1725000000001,52.05175,86.16875,51.485,21.5375,21.3791,23.28125,23.12285,15.2175,14.260287,31.8525,30.818521,20.68875,7.68885083333333,40.8825,20.1711,22.26125,7.19957666666666,28.27,11.7054215,17.02625,10.8236515,32.98875,18.25575,11.36,10.6128583333333,19.98125,10.2612061666667,12.1925,5.89241466666668,28.5875,13.242522,7.15124999999999,7.00567116666667,39.8025,5.78849983333333,17.1075013333333,3.57296583333334,9.04125033333333,6.80754283333334,17.33625,11.6107296666667,10.29,10.0753491666667,8.19125,8.05454500000002,23.47875,23.3497196666667,6.77125000000001,3.88156216666666,18.705,12.971797,3.78125,3.63567116666668,2.68125,2.53183383333334
18.215,18.0486426666667,12.1575,11.9897160333333,5.64833333333334,5.26672838333334,8.2375,7.85589470000004,29.30375,10.4761078333333,9.6725,9.18813970000001,8.10750021666666,7.80925101666665,10.7000002666667,10.4017868333333,10.44875,10.24737725,18.32125,18.11965,22.57375,22.3483683333333,27.435,27.2092881666666,37.68375,11.8147493333333,39.465,15.666,22.10375,21.1116650166667,41.6425,40.6401386683333,38.3375,23.4097671666667,44.65,28.82183,76.6325,46.7855426666667,80.1,52.2659916666667,21.31375,21.15535,31.23875,31.08035,23.4425,22.4671436666666,21.695,21.1637975,21.36875,5.90150366666666,33.32,15.4518861666667,35.6275,13.1845046666667,30.5075,14.8475103333333,12.525,12.368149,22.8025,12.0714513333333,32.16375,17.2042496666667,21.51375,8.84092216666666,8.53000000000001,8.37099049999998,29.55,10.316263,7.15874999999999,7.01700849999999,22.645,7.17768250000001,18.0525006666667,3.39672666666667,10.8000063333333,1.81049116666667,35.28875,23.8488783333333,31.9925,21.5337645,9.13999999999999,9.001856,17.82875,17.689856,18.33125,16.6496445,8.41749999999998,7.47905033333333,3.59750000000001,3.44880333333334,2.6975,2.54880333333334
13.035,12.8685048166667,24.90125,22.8221311666667,5.97375000000002,5.59214343333335,6.06125,5.67964235,9.67000000000001,9.18564053333334,26.74,14.1182922333333,11.4424997833333,11.1444982833333,8.27499991666666,7.97674073333332,11.09625,10.8917743333333,11.5975,11.3959,23.34375,23.1180426666666,20.68,20.4542275,28.66,14.6724966666667,25.225,7.66373483333332,24.08625,23.094994,30.295,30.19042,35.10625,30.823521,43.24375,26.1584793333333,74.33125,42.1645016666667,78.0575,53.4335,22.49625,22.33785,29.91,29.7538549999999,28.67,24.7660231666667,27.7525,27.2214666666666,26.67375,6.81600683333334,15.26875,6.99981600000001,21.24625,8.67776466666666,26.6325,8.51837899999999,17.8025,11.6170901666667,19.22,6.17975,21.38125,11.7705898333333,11.9875,8.51726600000001,4.43625,4.27196416666667,33.1625,18.8202236666667,9.71874999999999,9.57245166666667,41.325,10.8906726666667,23.7187526666667,7.04469033333333,29.296253,7.51926183333333,13.93,8.48856116666667,26.665,10.0590961666667,15.35125,15.2155043333333,13.4525,13.3114475,6.66125,5.45074533333334,11.75625,11.5874073333333,2.65375,2.50598216666666,2.94750000000001,2.79808383333334
11.8,11.6334985166667,14.64125,14.4724403,7.36499999999999,6.98339588333334,11.0341666666667,10.6525629833333,13.91125,13.4268791666667,24.05375,9.64628910000001,12.7850000833333,12.4867847333333,11.1450002,10.8467516,14.84875,14.644293,25.73,16.763542,24.12125,23.8955341,21.35875,21.1330128333333,21.99875,9.31849999999999,30.185,8.10424999999999,28.85,27.868137005,36.5175,36.41292,30.345,26.3870333333334,51.2975,28.3587196666667,65.77875,35.487,66.85625,48.02375,17.06,16.9016,29.6375,29.481392,29.53,26.7683523333334,28.74875,28.2179666666667,38.41875,12.3966048333333,23.55,12.889481,32.17625,18.1520078333333,26.575,8.9057495,5.86624999999999,5.44996733333332,19.7,6.29149833333333,33.55,15.7343755,39.675,17.4868653333334,21.16875,3.9862485,20.9025,9.94205666666667,43.61,6.16024999999999,10.54375,10.4010491666667,23.3187516666667,3.10176916666666,2.16875433333334,1.95862983333333,17.9875,8.59216383333334,29.4325,8.20435616666667,11.875,11.7442908333333,14.52125,14.3898213333333,14.08375,8.7668655,10.68125,10.5102488333333,7.27,3.47489833333333,15.43875,3.74915866666666
12.45625,12.2897749166667,16.3175,16.1491126666667,6.92375000000001,6.54214500000001,4.56583333333333,4.19342758333333,8.66875,8.18439896666666,30.7525,10.2952229166667,10.4700003833333,10.1719650333333,9.54875003333334,9.25048853333331,15.01625,14.8118072666667,40.16375,26.1578123333333,17.24125,17.0154669833333,21.27375,21.0500192666666,30.8275,10.6794956666666,34.53875,8.92324999999998,24.8025,23.826101645,57.4925,42.0103776616667,31.58375,27.6152906666667,46.93625,25.5554041666667,77.92375,41.974,45.88875,32.0055,21.42125,21.26285,45.79125,26.792051,20.46,20.0599326666667,25.3200000000001,24.7774631666667,12.38,8.14236166666665,13.86375,6.16784516666667,22.8425,8.9944015,30.62125,11.6695018333333,14.51375,14.3561795,17.335,5.446,14.0225,13.0878221666667,36.8575,17.7113875,18.14375,5.49054783333334,22.7575,8.370883,21.53625,9.59846550000001,24.21,5.99620583333333,20.6237506666667,3.52675333333333,2.15500666666667,1.94563216666666,21.005,8.7717645,20.13375,9.97633233333334,13.60625,13.4712238333333,15.715,15.578295,17.335,10.8773576666667,13.5,13.3311573333333,14.36375,4.48462366666666,20.3,8.0148935
21.22375,18.0488455,15.92375,15.7553507,5.45875,5.07714236666667,5.10166666666667,4.72925508333332,17.93125,17.4468661666667,22.28875,12.3425870666667,12.3874998833333,12.08971965,16.27375005,15.9757743833333,33.89375,19.1457602,21.17875,20.97715,24.82625,24.6004775833333,14.9825,14.7586687666666,43.90125,17.62122,24.15125,7.60250016666665,32.42625,31.416969045,16.62125,16.3002298983334,46.1,29.8179243333333,42.14375,27.6253376666667,76.07875,41.68525,52.1975,37.8395,23.8525,23.6941,37.40125,23.071897,23.595,23.0579465,26.39625,25.8537401666666,28.41125,14.2023703333333,16.095,11.1665798333333,23.57375,9.85101083333334,25.4125,12.3257615,13.87125,11.9961023333333,26.50625,9.30724866666666,20.23875,11.0797706666667,36.94125,14.6144276666667,17.29875,5.33250483333333,22.50125,6.13549516666667,7.71375,7.56673216666667,29.96,9.16248183333333,33.50875,10.5505048333333,8.10875500000001,7.90225850000001,36.22125,16.5292356666667,21.02625,9.24750783333334,12.4025,12.2703518333333,13.25125,13.1205408333333,16.11875,15.9544641666667,28.05875,18.3656626666667,17.36625,8.15461833333335,24.5025,10.3565916666667
23.79375,20.90673405,26.72875,26.5603847,9.46375,9.08214426666666,5.78750000000001,5.41508191666665,9.01374999999999,8.52940093333333,11.77875,11.2948115,7.74999988333333,7.45194286666666,16.2600000333333,15.9617535833333,23.37125,15.5402528333333,12.43875,12.233069,22.22625,22.0005195,24.24875,24.0252530333333,36.20375,13.5491443333333,33.47,14.7920073,25.4475,24.405519245,16.5475,16.4379604,42.72625,26.5619026666667,37.1475000000001,32.8130125,69.05,39.842,50.065,37.45525,18.90875,18.75035,37.9875,23.3264036666667,24.11875,23.581565,21.83375,21.2834266666667,28.0425,11.963098,20.06,13.105859,36.68875,16.2368748333333,33.9025,13.9431296666667,17.36875,14.8150693333333,17.67625,5.1475,24.63125,9.66337366666667,24.11375,11.4597488333333,17.17125,3.91796783333334,14.9975,5.08838233333333,5.87249999999999,5.73363650000001,45.6687499999999,18.632752,29.7224946666667,3.31801733333333,6.0275,5.8202535,24.2325,9.79876883333333,39.06,22.3198276666667,24.205,24.0735713333333,8.215,8.07757550000001,15.5775,15.4064988333333,9.68624999999999,8.85439216666666,2.7575,2.61192116666668,14.3425,8.2944585
14.86875,13.3123133666667,12.255,12.0865640333333,6.01500000000001,5.63339526666667,8.20241086333332,7.83003656666668,26.45375,11.4418145,10.925,10.4410978666667,10.7300001166667,10.4319788,18.9900000833333,18.6918306166667,9.0475,8.8459,10.2025,9.69977550000001,28.3525,28.1267965,25.01625,24.792727,34.82125,10.864,25.76875,9.95049799999998,29.7,28.853930825,17.0375,16.9279604,55.5075,37.0954808333333,38.5025,30.5873856666667,57.1725,35.78025,54.61875,38.4150166666667,27.41,27.2516,18.03125,17.8700603333333,22.09,21.5588033333333,25.705,25.154896,11.44625,4.84551933333333,19.03375,12.126152,29.62375,13.5437566666667,24.70375,8.0385705,21.48125,12.4655,18.195,5.27625,21.61,8.54788599999999,36.37375,17.6011191666667,18.765,3.7807325,22.6725,9.59687349999999,30.50625,6.88797833333333,16.01375,5.736365,34.9837455,6.43873083333334,3.787502,3.57213166666667,40.04875,10.6675096666667,7.28375,7.06310333333332,18.0675,17.9331933333333,22.71375,22.5801628333333,5.1275,4.95649883333333,9.28249999999999,9.11053950000001,2.98,2.83226266666667,8.7875,5.5225435
12.9275,12.759712,7.4475,7.28259624999999,7.19125000000001,6.80964393333335,24.2381318916667,5.75381924999999,27.305,13.2805721166667,43.49,11.94997185,10.4149999166667,10.1169789333333,6.4124994,6.11440135,16.8875,16.6859,43.98375,15.7231060333333,24.66625,24.4405408166666,39.89,23.4506607333333,32.625,10.44975,37.46375,7.52082766666665,31.86375,31.75917,20.475,16.2436461773333,40.765,25.1129408333333,40.745,11.4799163333333,62.75875,40.44689,66.07,45.7817533333333,17.445,17.2866,26.7975,26.6363266666667,21.98125,21.4500425,45.75125,21.385574,17.45625,7.67535799999999,10.53875,5.54285899999999,31.8075,16.5125566666667,30.5075,14.8475103333333,20.17,10.5309986666667,24.5025,16.17675,16.455,9.65172699999997,40.4525,23.3465111666666,19.39625,3.98152933333334,23.84,9.19095783333333,42.75875,5.78299999999999,30.61625,11.6074925,19.1675,4.66395750000001,5.21500200000001,5.01977766666667,34.68625,12.078084,10.4425,10.2204143333333,23.84625,23.7133823333334,14.4275,14.2931933333334,4.11125000000001,3.9392895,11.0975,10.9272183333333,2.78875,2.64098216666666,9.78874999999999,6.4391705
18.3025,18.1346749666667,6.69125,6.52634405,7.38500000000002,7.00339720000001,14.4583636033333,8.38257599999999,19.1925,9.32846179999998,48.18375,11.38347325,9.56499985,9.26675924999999,7.74249959999999,7.44420588333333,12.09125,11.8896766666667,41.9075,12.7822300666667,32.30125,32.0755472666666,49.6375,30.7315055666667,37.9725,18.390748,37.8825,7.68591999999998,27.10625,27.00167,7.58625,7.46795664000002,33.71125,23.2155693333334,43.38375,11.2882223333333,56.73625,31.9144606666667,52.47875,37.4615,8.35874999999999,8.20322866666667,42.1525,22.06526,23.94625,23.4151108333333,61.3775000000001,32.2810506666667,23.6275,9.31434399999999,30.6037496666667,18.550486,24.27,8.67450499999999,28.27,11.7054215,47.87875,21.6054998333333,14.89125,6.47625,33.6025,14.0123578333333,22.0962500000001,11.8698753333333,21.155,5.5789715,17.12125,6.66612833333333,42.1825,6.12924999999999,20.4925,11.7699281666667,3.46625766666667,3.27103333333333,6.24750933333334,6.04718633333332,20.81375,6.069336,20.7775,10.6118581666667,19.51625,19.378106,14.35375,14.216295,4.39375000000001,4.2217895,9.31249999999998,9.13982,2.80625,2.65683383333334,3.98375,3.83433383333334
11.19375,11.0259614333333,31.31,31.14481525,6.9725,6.59089050000003,5.17874999999999,4.81230236666667,9.9125,9.43706483333332,29.47625,10.8027342166667,12.2249999833333,11.9271634333333,6.76499958333333,6.46955676666667,13.9675,13.7659,19.855,8.52787916666667,24.27125,24.04553375,39.6537500000001,27.6516221666667,29.47,10.7912503333333,29.575,7.44099949999998,37.27125,37.16667,7.45125,7.33295664000003,41.2225,29.4287086666667,33.085,11.5923313333333,59.67125,37.64,53.3275,37.99675,8.47749999999999,8.32234866666666,39.68625,23.7261083333333,31.34375,30.8127366666666,63.9937499999999,36.7608308333334,17.03125,8.28836933333333,18.07125,11.0638823333333,22.34,6.97101033333333,33.425,11.9801436666667,34.8475,15.851499,14.58875,14.4287811666667,7.23999999999997,7.08003116666664,39.195,20.929372,28.53375,5.43225683333333,18.91375,18.7628948333333,43.7562500000001,6.55024999999999,16.4275,8.17431483333333,11.098756,5.41756833333333,3.373774,3.18766333333334,11.7175,11.5050076666667,11.2975,11.0775728333333,20.36375,20.2263255,17.05,16.911856,11.36,10.5131191666667,17.13625,16.9614115,2.6575,2.50880333333334,4.48250000000001,4.33308383333335
25,24.8321572333333,4.16625,4.00133869999999,11.30625,10.9246454833333,7.83,7.46378909999999,22.15,21.2214546,27.63375,9.10272243333332,25.9550002166666,25.6568717666667,6.80499961666667,6.50976226666667,9.09875,8.89715000000001,30.55875,13.1947571666667,26.29875,26.0730159333333,25.9275000000001,19.6719910000001,23.275,8.77600166666665,34.4375,9.11900266666666,27.48125,27.37667,22.715,22.59670664,44.91375,30.6836375,29.2275,11.3234575,64.355,39.722,62.75375,43.90175,8.82624999999999,8.67168999999999,9.19374999999999,9.03823000000001,26.05875,25.5278666666666,44.1975,26.3762991666667,16.32875,5.64636666666666,15.82625,8.04409383333334,24.70375,8.0385705,28.455,9.62375666666667,27.72,10.2982503333333,16.39,16.2902293333333,7.47624999999997,7.31121416666664,22.44375,17.0600638333333,29.23,5.05825933333334,6.43,6.27602700000001,42.54375,6.05699999999999,7.4225,5.81665416666667,27.1012556666667,3.23852166666667,10.3675183333333,10.1559236666667,18.1375,10.2300583333333,24.07625,6.88021166666667,11.46625,11.327356,17.48125,17.3491018333333,12.23875,8.70319399999999,10.96375,10.79107,2.87875,2.73005333333334,28.88,12.0310933333333
25.45375,25.2859233333334,4.2725,4.10759179999999,8.39708333333332,8.01547661666669,10.07875,9.71221786666665,19.61875,8.97481756666667,13.5725,13.359545,10.1625001333333,9.86448514999997,26.7324999166667,17.1633781833334,32.87625,18.637232,18.78875,18.581717,29.28,29.0127858333333,16.8,16.5754410333333,27.77875,7.58349999999999,20.02375,9.92404733333332,18.23375,18.12917,25.375,24.3620041066667,52.3525,31.1083265,28.30375,24.52212,55.09375,37.15375,71.2525,45.1015,12.6675,10.5747990833333,11.66375,11.5082273333333,27.9875,27.45663,39.1975,38.6307193333333,20.225,6.982139,11.6375,10.912819,33.9025,13.9431296666667,13.0225,10.2638983333333,24.5575,10.9817505,15.66,15.4918768333333,7.45624999999997,7.29124466666668,21.62,16.5070926666667,22.20375,4.21874866666667,14.91,14.769667,44.9825,8.846,14.975,10.6369405,30.4362506666667,9.18046649999999,2.382522,2.19418083333334,24.18125,8.7010205,17.9575,10.230114,12.29125,12.151667,17.32125,17.1922196666666,9.70125,9.40941099999999,17.72625,17.550692,2.67375,2.52430333333334,6.02375000000001,5.87505333333333
17.345,17.1772066333333,4.75125,4.58635045,9.04625000000001,8.66464658333335,7.9425,7.57598846666668,31.215,11.079976655,10.215,10.002062,9.78000011666669,9.48175056666664,26.6924999833333,9.45966748333333,10.915,10.719126,16.03875,15.831741,26.54125,26.318167,29.4375,29.2125301666667,40.98875,13.3775,21.2575,11.1976013333333,30.9375,30.83292,40.68625,39.7019133116667,51.45875,28.1473006666667,28.455,24.67262,53.7325,38.94625,67.54125,45.69375,24.72875,24.5725923333333,8.04624999999999,7.89073000000001,33.7175,22.4755203333333,22.705,22.1379586666666,22.82625,7.61928066666667,19.22125,10.1730956666667,36.3225,9.951505,32.8325,12.1280016666667,22.44875,8.75975,16.35375,16.1879946666667,27.98625,16.2491455,17.39375,11.8850088333333,13.09875,3.91198400000001,7.115,6.97541700000001,23.5775,8.58413916666667,8.57875000000001,8.43101266666665,11.8712553333333,2.20822899999999,2.47126883333334,2.282187,17.33125,8.37536499999999,13.13,12.9093228333333,21.36,21.2249738333333,17.94875,17.8098865,7.27999999999999,7.10731999999998,8,7.82656999999998,2.84875,2.69933383333334,6.09875000000001,5.94645583333332
13.90625,13.7384619666666,4.670625,4.5057245,11.1825,10.8008968833334,7.40875,7.04226203333335,28.32625,13.4337474,18.28375,18.0707475,7.31499995,7.01671549999999,9.45000006666668,9.1395248,43.5325,20.8368958333333,22.485,22.2780645,16.105,15.8587608166666,20.4575,20.2326677,34.56375,12.43725,19.34125,9.31876383333334,23.63875,23.53417,28.71125,27.6873833666667,59.49875,30.1644726666667,28.30375,24.52212,51.38125,37.20775,65.85375,45.74108,29.47,22.769066,8.04999999999999,7.89448000000001,57.4475,34.1046528333334,25.435,24.8679846666667,7.96875,5.57758666666666,7.1125,6.37809366666669,33.25875,10.2918951666667,7.50124999999998,7.34224049999998,27.5675,10.40375,23.5925,22.805614,16.405,14.7038446666667,28.67,9.31474750000001,19.63,6.37302183333334,7.88625,7.75050433333333,6.76124999999999,6.50322599999999,12.7925,5.43500083333333,28.75875,5.76074766666668,5.262525,5.07416933333334,22.5775,8.79236916666667,6.62625,6.39433116666667,19.72,19.5811365,18.99125,18.8555043333333,7.15374999999999,6.97963100000002,18.78375,18.6103505,2.7325,2.58380333333334,3.85750000000001,3.70736433333332
14.76375,14.5949187333333,4.6125,4.4475993,12.3416666666667,9.56152683333335,4.24499999999999,3.87855316666665,23.815,10.6257274166667,10.11375,9.90082100000001,10.8650002666667,10.5669619833333,5.01250006666665,4.70196626666666,28.2,14.9156773333333,12.67625,12.4691672666667,24.01375,23.7901198666667,25.665,25.4400245666667,39.19375,10.776992,18.1625,8.06276000000001,22.745,22.64042,25.5075,24.4873998666667,52.35625,30.4469998333333,28.455,24.67262,48.46,36.034,79.3237499999999,42.61875,43.2425,24.8938973333334,29.6375,29.481392,25.7787500000001,22.0566646666667,18.87375,18.3066266666667,25.34625,16.3333671666667,12.86125,6.48028000000001,29.77875,8.90237866666666,28.44125,17.4431755,26.08625,15.209,6.39,6.23695583333331,30.7875,15.782151,23.1925,15.523747,21.725,4.318981,13.7125,13.5736365,5.64875,5.647311,12.0875,4.98346716666666,5.74625300000004,3.04390916666669,7.19750266666669,6.99936983333333,20.9175,9.0675085,12.6025,12.373699,7.82124999999999,7.6838255,22.855,22.7214128333333,9.97625,9.79397666666666,12.6175,12.443381,2.8725,2.72308383333334,7.1725,7.02308383333333
23.43,23.2612889666667,4.58375,4.41884845,10.7420833333333,4.39279633333334,9.82499999999999,9.45847699999996,22.1525,9.11905893333332,8.79375,8.58083200000001,10.6400002166667,10.34176765,20.1949995833333,19.8847885166666,41.07625,19.3260605,22.18125,21.9742460333333,22.695,22.4713870333333,23.19625,22.9713109,37.51375,11.05225,28.885,12.9263035,16.08875,15.98417,39.0675,38.0767675333333,44.11625,25.4709046666667,34.3625,30.581636,50.63375,36.17375,91.26625,48.3865,37.43875,22.7643148333333,24.72875,24.5725923333333,27.175,26.6324868333334,21.4175,20.850474,9.27625,6.82358899999999,19.49125,7.01333866666667,25.4125,12.3257615,24.265,9.88063966666666,15.54625,5.82925,7.30624999999998,7.14867950000001,29.4850000000001,10.5818941666667,16.41875,10.6865136666667,8.32875000000002,3.79261833333334,5.57375000000001,5.43416700000001,26.62125,8.5515445,12.45625,12.3068338333333,2.03125833333334,1.84296000000001,6.41000033333334,6.21477599999998,14.2625,7.6803225,9.45999999999999,9.13287083333333,16.1275,15.990045,19.76625,19.6305043333333,8.9375,8.76553950000001,8.37499999999999,6.41291600000001,2.72375,2.57601266666668,13.9275,13.7766448333333
16.8775,16.708678,4.4425,4.27759494999999,8.22125,7.84883458333332,5.93624999999999,5.56978076666666,9.9075,9.42420066666666,7.79625,7.58333850000002,12.4399998666667,12.1417819333333,9.79875021666669,9.48848588333333,9.63499999999999,9.43339999999999,15.6775,15.4704829333333,16.76875,16.5449365,26.06125,25.8361466666666,32.4125,11.9405,30.4125,15.42,9.15375,9.0442104,34.825,34.7059,50.3525,35.3235465,29.99625,26.2386198333333,57.14,37.937,93.87875,47.6756233333334,35.7125,23.324898,37.9875,23.3264036666667,21.53375,20.9911778333333,21.2225,20.67015,11.7775,6.97815133333333,20.0275,11.8238818333333,30.62125,11.6695018333333,9.71125,9.54624466666666,18.2925,6.240002,9.745,9.588149,30.2275,11.9102645,25.92,24.4310803333333,12.98,3.585386,11.63,11.4949738333333,21.69375,7.38727666666666,10.8875,10.7388033333333,21.4850036666667,4.422504,4.70375000000001,4.51620033333333,6.82249999999999,6.60473133333332,25.64625,25.3392636666667,12.4525,12.315795,20.91,20.7756933333333,13.47625,13.30357,6.92625,6.75213100000001,12.0075,2.86268333333333,4.43875000000001,4.28933383333335
14.33375,14.1650504,4.52375,4.358846,6.12625,5.75381924999999,6.7,6.3335363,28.9175,9.74833126666666,16.84125,16.628237,11.69500015,11.3969607666666,23.04624995,22.7360486166667,28.28625,12.428751,13.08375,12.876696,26.295,26.0714812666667,22.80125,22.576419,33.55,10.6397458333333,30.27125,16.5395025,10.7575,10.6479604,30.79875,30.67965,50.41625,30.1308466666667,32.395,28.6366261666667,50.62625,32.855725,81.585,41.3115506666667,32.36125,19.2501035,35.7125,23.324898,42.9875,27.607476,28.85375,28.3015116666666,23.94875,10.3188926666667,30.9025,8.961251,29.77875,8.90237866666666,10.555,10.3907141666667,23.25625,12.4420011666667,10.89125,10.7298421666667,20.91375,12.5286715,25.55375,14.6231388333333,24.75125,9.86449716666666,10.91375,10.7710491666667,17.3275,5.33876783333332,9.9525,5.36849216666665,9.97375166666666,5.81041599999998,9.61625,9.40831449999999,22.1375,7.10080699999999,7.44499999999999,7.21691850000001,17.175,17.0406933333333,12.07875,11.9804183333333,9.89875,8.889159,20.72125,12.2169598333333,15.05125,2.41585933333333,18.25375,7.2826395
18.13375,17.9653695,6.99125,6.8273545166667,8.75499999999998,8.38257599999999,6.04000000000001,5.67351876666668,11.67,11.1860551333333,9.65625,8.46474925,13.0049999333333,12.7072116666666,12.3156245833334,12.00520685,26.66625,13.243125,20.10375,19.8967085,23.34125,23.1176743333333,16.8375,16.6129879666667,37.74625,13.8775,26.52375,16.3835,28.25375,28.1442104,34.1325,32.9025693966667,52.3575,31.7604435,28.705,24.7448703333333,53.92,35.3338873666667,67.1925,33.69075,29.0125,27.6908868333333,26.7975,26.6363266666667,29.4975,28.9473406666666,29.6775,29.1253106666667,16.305,7.00859533333332,26.63125,11.0408306666667,33.25875,10.2918951666667,25.39375,9.535754,20.34,7.48649833333334,7.465,7.17237516666667,14.14,13.3981148333333,19.8225,14.2589791666667,21.17125,11.9184855,8.61000000000002,8.47425433333333,18.86625,5.55599466666666,15.78125,15.6371101666667,8.75250166666667,8.536406,5.67375,5.482363,27.6875,8.26537116666666,7.33875,7.1106685,15.86125,15.7262238333333,9.23500000000001,9.167367,16.05875,15.8913463333334,28.00875,15.166513,11.18375,6.95065616666666,7.27625,7.12467533333334
15.5775,15.4091079333333,9.61374997333332,9.45226686666667,5.455,5.08256449999999,8.47124999999998,7.8709883333333,10.605,10.1210832333333,20.1975,18.9890254166667,14.9400000166666,14.6417686666667,25.7043751833333,25.3941559166667,30.9275,14.211697,25.20875,25.0017167,24.62125,24.3976540333333,10.7825,10.5580381666667,35.60375,15.7895,24.805,14.6977475,20.65875,20.5492104,32.42,31.34584925,39.205,28.3011098333333,32.27875,28.4138816666667,52.67125,36.0715,73.7037499999999,44.3727566666667,20.95625,17.82865,25.0375,24.876336,27.19875,26.6486693333333,25.04375,24.491467,14.0075,6.33123716666666,18.71,7.32408933333334,36.3225,9.951505,25.27125,10.6827333333333,21.07125,5.10974866666667,8.03375,7.75689383333333,26.2125,14.0393073333333,16.91125,11.7150826666667,22.715,9.00938216666666,6.34875000000001,6.2098865,12.11375,5.9374925,5.62,5.46834933333334,2.889588,2.69217466666667,2.17125033333334,1.95348166666667,15.35125,8.50741933333333,23.15375,15.3011341666667,16.93625,16.8033823333333,11.0725,10.9350755,8.1775,8.00481999999998,25.36375,16.6221603333333,14.8925,6.79472016666668,23.6424999999999,6.77935633333334
15.6625,15.4941010333333,8.49500000000001,8.33109108333336,7.20375000000001,6.83130583333332,7.27,6.87230523333335,11.82,11.3360297333333,16.0525,15.5775255833333,16.9799999666667,16.6818043333333,11.0750001,10.7660512,21.2625,12.765428,22.97625,22.768258,19.03125,18.8075325,32.485,32.2635525,32.54,10.86125,18.75625,9.58909449999999,25.8275,25.7179604,32.58625,31.52900299,29.55125,24.3711045,37.4447578383333,32.3524671666667,50.05875,32.7945,85.6675,49.73575,26.10875,18.8070696666667,22.14625,21.9880201666667,20.23,19.679616,31.32625,28.373751,15.9675,5.954851,23.8625,12.0603878333333,22.34,6.97101033333333,15.6725,15.5082141666667,20.70125,5.27750533333333,6.24374999999998,5.01,36.87875,14.8908666666667,12.825,12.011838,22.25875,8.82912083333334,12.24125,12.1001975,13.48625,5.2429865,8.91625,8.76920166666667,7.86500233333334,7.65942650000001,15.157501,7.22468033333334,12.05375,7.05181699999999,7.75000000000001,6.46584783333334,11.05625,10.9212238333333,18.97875,18.8444433333333,9.65625,9.48141149999999,8.99124999999999,5.98068283333334,6.44,6.29130333333334,25.00125,8.47707583333335
14.915,14.7466002333334,21.41,21.2457242833333,9.93389163333334,9.56152683333335,8.1925,7.79481610000002,32.58125,9.36504453333333,23.7425,16.2782789666667,6.89249978333333,6.59419503333334,19.0470001833333,18.7379813666667,53.40875,21.1750796666667,21.0475,12.1682581666667,32.155,20.0467902333333,20.82,20.5983525,58.41625,22.4994986666667,26.48,13.4835763333333,21.05625,20.9467104,25.52125,24.4675161233333,30.7275,10.7908633333333,35.6077845,31.323267,51.20375,35.13725,66.36,48.372,25.0375,24.876336,29.095,22.889066,46.7925,24.6703548333333,28.2474999999999,25.2365388333333,13.65,5.59336283333334,0,0,24.27,8.67450499999999,16.76375,16.5987446666667,18.88625,10.43225,6.20499999999998,4.96,44.09625,21.660776,13.35875,11.0765435,14.23625,3.64310916666667,9.63,9.48969750000001,26.01625,8.93652500000001,4.48625,4.33851266666667,2.08375833333334,1.89090183333333,0,0,6.90375,6.68526183333334,0,0,12.54375,12.4087238333333,0,0,7.98374999999999,7.80963100000002,0,0,23.945,8.24151599999999,0,0
17.36375,17.1953598666667,0,0,4.76516113333334,4.39279633333334,0,0,38.01875,16.4600858333333,0,0,6.31499925,6.0166993,0,0,52.525,25.094347,0,0,35.135,23.9974263833334,0,0,43.95,16.41375,0,0,42.40125,28.521181705,0,0,39.4024999999999,11.0495118333333,0,0,49.3825,34.8805,44.09125,29.7325,23.02875,22.8675513333333,0,0,42.13625,23.41196,0,0,21.40375,13.259374,0,0,31.8075,16.5125566666667,0,0,13.7025,5.31375,0,0,12.49375,11.5703163333333,0,0,13.045,7.28648433333334,0,0,12.25875,6.77831516666667,0,0,2.00501233333334,1.80978800000001,0,0,6.50625,6.28944066666667,0,0,15.59625,15.4605043333333,0,0,11.01875,10.84607,0,0,21.12875,6.50367816666667,0,0
18.65375,18.4853685666667,0,0,4.56579238333333,4.19342758333333,0,0,34.2125,12.42345205,0,0,6.11999931666667,5.82190284999999,0,0,39.02,16.7246878333333,0,0,35.52875,21.89872175,0,0,45.53625,16.2255,0,0,34.83125,22.27431802,0,0,32.115,11.1570148333333,0,0,52.97875,36.649,0,0,21.9375,21.776342,0,0,42.1975,21.8712625,0,0,12.365,11.9193336666667,0,0,29.62375,13.5437566666667,0,0,13.56,5.088,0,0,15.36375,14.6301233333333,0,0,9.59499999999999,4.79038016666667,0,0,17.46375,8.52906016666666,0,0,7.00500100000001,6.80162233333333,0,0,18.25125,7.3069315,0,0,18.30125,18.163106,0,0,13.35625,13.1852488333333,0,0,16.12375,5.78194616666667,0,0
16.51,16.3415811666667,0,0,8.07826579000001,4.72925508333332,0,0,36.54875,10.83804665,0,0,6.2874993,5.9891966,0,0,27.98,9.57239109999998,0,0,36.92,22.5087485,0,0,44.325,11.0804991666667,0,0,48.58875,33.3465584016667,0,0,33.745,10.9502085,0,0,43.6,31.264,0,0,31.05875,24.2440081666667,0,0,34.665,16.9693596666667,0,0,7.66124999999999,7.24409283333332,0,0,36.68875,16.2368748333333,0,0,15.0675,6.63825,0,0,17.87375,16.9473708333333,0,0,9.95874999999999,6.12164700000001,0,0,12.80375,5.93814416666668,0,0,2.965,2.76905616666666,0,0,15.84375,9.376376,0,0,21.63,21.4978213333334,0,0,5.87,5.6958505,0,0,25.45,12.3856643333334,0,0
18.225,18.0565984666667,0,0,13.1328026333333,7.84883458333332,0,0,42.21375,11.9803515833333,0,0,6.26249929999999,5.96461138333333,0,0,33.71625,10.0515058333333,0,0,46.91875,28.8383048,0,0,41.5375,8.88324949999998,0,0,43.40875,25.4973785683334,0,0,37.59125,11.147721,0,0,49.31125,37.384,0,0,32.49875,18.9586141666667,0,0,39.5837500000001,17.4630603333333,0,0,19.22125,9.89050799999999,0,0,23.57375,9.85101083333334,0,0,14.72625,5.14425,0,0,23.96375,13.7292743333333,0,0,20.7325,13.7723933333334,0,0,6.565,6.42014066666667,0,0,2.05750000000001,1.8594165,0,0,19.6175,9.09575066666667,0,0,14.94625,14.8112238333333,0,0,8.82124999999998,8.65168783333334,0,0,17.5375,5.5651695,0,0
8.3475,8.18359428333335,0,0,14.4196117316667,5.08256449999999,0,0,47.71,11.6193642666667,0,0,27.2700000333333,12.1028515,0,0,38.7775,10.7940793833333,0,0,38.1324999999999,21.764486,0,0,53.99,16.76075,0,0,7.555,7.43670664000003,0,0,47.5725,13.6702413333333,0,0,50.2475,35.5265,0,0,38.5175,25.6184245,0,0,51.74375,23.1225483333333,0,0,17.7,7.57414366666668,0,0,22.8425,8.9944015,0,0,22.7225,13.1636083333333,0,0,44.18375,24.9957471666667,0,0,7.235,7.07958800000002,0,0,10.1425,7.52877099999997,0,0,3.54125033333334,3.33715216666667,0,0,13.32,6.48729499999999,0,0,16.72625,16.588106,0,0,4.74500000000001,4.57231999999998,0,0,24.72625,7.84443999999999,0,0
12.83,12.6661489666667,0,0,17.94294915,10.3305615833333,0,0,32.00125,10.8801246833333,0,0,20.41,16.9161749333333,0,0,40.6175,17.9409775666667,0,0,47.99875,34.5408151666667,0,0,47.36375,12.31175,0,0,8.71875,8.60045664000003,0,0,43.5525,11.2995006666667,0,0,42.65875,28.2265,0,0,32.34,18.1986655,0,0,41.9675,19.6799525,0,0,15.80875,11.179026,0,0,32.17625,18.1520078333333,0,0,7.62999999999999,7.47242950000002,0,0,11.355,9.20619350000003,0,0,15.71,4.870249,0,0,25.685,7.79226199999999,0,0,17.966251,17.738889,0,0,24.185,6.79082666666667,0,0,21.3075,21.170795,0,0,5.08500000000001,4.91303950000001,0,0,22.96375,8.2306455,0,0
8.49500000000001,8.33109108333336,0,0,8.16749999999999,7.80101339999999,0,0,31.945,13.19020555,0,0,8.56499976666667,8.26956340000002,0,0,32.6825,11.299825,0,0,25.625,25.4016673333333,0,0,41.40125,12.4355,0,0,7.56749999999999,7.44920664000003,0,0,35.0625,11.1892296666667,0,0,45.59875,33.61225,0,0,36.47875,22.1066233333333,0,0,41.4762500000001,22.5259095,0,0,15.63625,8.47056949999999,0,0,21.24625,8.67776466666666,0,0,17.30125,12.9054405,0,0,35.015,14.4229586666667,0,0,11.7875,6.50585383333334,0,0,19.47125,6.63724383333333,0,0,2.91718983333334,2.72796133333333,0,0,5.68,5.46151183333334,0,0,16.43,16.2918255,0,0,6.11750000000001,5.94410050000001,0,0,7.9325,7.78164483333333,0,0
21.41,21.2457242833333,0,0,7.93749999999999,7.57100606666666,0,0,14.40625,9.97768793333333,0,0,6.8874996,6.59205730000001,0,0,15.38,10.13432515,0,0,25.70125,25.4779546666667,0,0,42.895,22.97201,0,0,7.34125,7.22295664000002,0,0,19.34,11.2572656666667,0,0,53.38875,35.9362433333333,0,0,39.28875,30.8821126666667,0,0,29.06625,24.1359368333333,0,0,35.955,13.641,0,0,35.6275,13.1845046666667,0,0,12.92125,12.3278868333333,0,0,29.04875,11.9651125,0,0,7.26,7.11729916666666,0,0,14.52625,5.57344583333332,0,0,4.36500333333334,4.16834,0,0,11.6525,11.427266,0,0,13.34125,13.204545,0,0,4.36625000000001,4.19285050000001,0,0,11.67375,11.5207058333333,0,0
8.8975,8.7325949,0,0,5.82750000000001,5.46102530000002,0,0,28.28375,12.6743057833333,0,0,6.77999945,6.4845564,0,0,13.43,7.20500351666667,0,0,28.1775,27.954202,0,0,31.76875,7.69899916666664,0,0,7.40625,7.28795664000003,0,0,27.07625,11.366015,0,0,49.15625,33.68225,0,0,16.4525,11.4632423333334,0,0,53.165,35.9016425,0,0,26.3175,6.44324999999999,0,0,21.2225,9.31176733333334,0,0,7.21374999999999,5.11518466666666,0,0,34.00875,15.9644751666667,0,0,7.88999999999999,7.74130333333334,0,0,12.1425,5.84399133333334,0,0,2.61250833333334,2.4151255,0,0,8.25624999999999,8.03701183333333,0,0,15.9125,15.775795,0,0,8.615,8.440881,0,0,3.4025,3.25620166666666,0,0
5.95625,5.79707315,0,0,7.22624999999999,6.85978536666666,0,0,16.0875,15.8744935,0,0,7.6199998,7.32456253333334,0,0,31.02125,16.7035496666667,0,0,23.45,23.2250117666667,0,0,44.33125,15.2409998333333,0,0,23.3,23.18170664,0,0,27.56875,11.3416781666667,0,0,72.96,49.20375,0,0,12.165,12.00948,0,0,39.695,30.1400548333333,0,0,28.0275,5.92800000000001,0,0,34.17125,8.68925333333334,0,0,15.7525,15.5843768333333,0,0,41.76875,17.4822335,0,0,8.5225,8.37164483333333,0,0,23.15875,8.66045233333332,0,0,9.226255,9.02669616666667,0,0,20.58625,12.249964,0,0,15.765,15.6299738333334,0,0,7.60750000000001,7.43478950000001,0,0,3.75250000000001,3.60401266666667,0,0
8.4875,8.32257234999999,0,0,5.18041666666667,4.81396103333334,0,0,9.58124999999999,9.3683155,0,0,13.7468183166667,13.4386138333334,0,0,11.21375,11.00666,0,0,24.74125,24.5162925666667,0,0,36.16625,11.06,0,0,20.90875,20.79045664,0,0,29.06875,15.2666151666667,0,0,76.70625,45.50475,0,0,9.53374999999999,9.37823000000001,0,0,32.4875,29.3697196666667,0,0,30.1749999999999,5.7362495,0,0,32.93625,11.8731205,0,0,7.60625000000001,7.44795999999999,0,0,16.765,10.932125,0,0,5.25500000000001,5.11157966666667,0,0,7.46374999999999,7.32557549999999,0,0,4.81709133333334,4.61587116666667,0,0,9.87375,9.60655216666666,0,0,15.47125,15.3355043333333,0,0,10.85125,10.6778505,0,0,2.6575,2.50976266666668,0,0
7.38624999999997,7.22132285000002,0,0,11.0020833333333,10.6355739666666,0,0,13.62875,13.4157805,0,0,11.1931818333333,10.8931864166667,0,0,7.59875,7.391639,0,0,32.81625,32.5911605333333,0,0,40.0637499999999,15.0175,0,0,37.14625,37.0279566400001,0,0,36.9175,29.6512446666667,0,0,59.87125,39.34825,0,0,12.36625,12.21073,0,0,31.96125,28.8329606666667,0,0,6.645,6.31032733333333,0,0,10.07875,9.91806166666667,0,0,7.32625,7.172277,0,0,16.12625,11.0411606666667,0,0,5.22,5.07586016666666,0,0,10.90375,5.48806333333332,0,0,3.80375000000001,3.61620033333334,0,0,22.145,11.5310575,0,0,17.10625,16.9688255,0,0,10.49375,10.32107,0,0,13.4425,8.35731983333332,0,0
4.57125,4.40634705,0,0,7.37000000000002,7.00352116666667,0,0,9.40375,9.190828,0,0,10.5424999833333,10.2397829666667,0,0,16.6325,16.4254535,0,0,26.35375,26.1286941333333,0,0,22.97125,9.65092933333333,0,0,18.18875,17.3924719693333,0,0,31.36,27.57162,0,0,61.61125,39.61,0,0,11.56625,11.4107266666667,0,0,22.955,20.7196878333333,0,0,19.5025,9.02185783333333,0,0,10.13,9.9753075,0,0,14.37625,14.2119641666667,0,0,17.49,12.3801315,0,0,6.55375000000001,6.412728,0,0,13.8425,5.09823816666666,0,0,4.3325135,4.14712233333334,0,0,17.81875,17.5973838333333,0,0,18.17875,18.0429738333333,0,0,9.01875000000001,8.84460049999999,0,0,4.5075,4.35880333333334,0,0
4.69708333333333,4.53218443333333,0,0,6.18250000000001,5.81603803333334,0,0,16.94375,16.7307675,0,0,12.08250005,11.7711196666666,0,0,19.47375,19.2667595,0,0,24.6575,24.4326347333332,0,0,27.12,14.5067258333333,0,0,19.97625,18.9671671283333,0,0,28.3375,24.55662,0,0,71.1025,41.08825,0,0,8.14374999999999,7.98823000000001,0,0,26.14125,25.574226,0,0,7.02874999999999,6.50282299999999,0,0,30.89875,15.9557543333333,0,0,16.42875,16.271899,0,0,9.59625000000001,4.9626005,0,0,3.92875,3.78604916666666,0,0,5.64125,5.49639066666667,0,0,2.47126883333334,2.282187,0,0,10.25375,10.0352618333333,0,0,27.96875,27.8404391666667,0,0,10.48,10.30732,0,0,4.35125000000001,4.20183383333335,0,0
4.77666666666667,4.61176886666668,0,0,8.11625000000001,7.74978540000001,0,0,12.46625,12.253291,0,0,37.5250000333333,10.5624364666667,0,0,14.1075,13.900425,0,0,21.6275,21.4025086333334,0,0,26.5225,16.440142,0,0,18.55875,17.567358785,0,0,34.3625,30.581636,0,0,57.30875,40.5072666666667,0,0,8.35874999999999,8.20322866666667,0,0,20.505,19.9378653333333,0,0,9.84624999999999,9.002333,0,0,23.51625,8.21700866666666,0,0,16.83875,16.6737446666667,0,0,9.64125000000001,4.9619875,0,0,7.325,7.18925433333333,0,0,15.435,12.4762516666667,0,0,2.382522,2.19418083333334,0,0,13.05125,12.8284448333333,0,0,18.2925,18.1567543333333,0,0,9.69375,9.51891149999997,0,0,16.96375,4.79038716666668,0,0
4.91124999999999,4.74635370000001,0,0,11.77,11.4034751333333,0,0,12.24875,12.035789,0,0,34.3824998666667,11.4406576666667,0,0,15.25625,15.049158,0,0,23.2325,23.0074415333333,0,0,27.5925,17.4593353333333,0,0,28.22625,27.2248084116667,0,0,35.615,31.8206213333333,0,0,45.94375,33.4637383333333,0,0,8.47749999999999,8.32234866666666,0,0,19.82,19.2528513333333,0,0,17.90125,7.56611733333333,0,0,19.6975000000001,7.53163333333333,0,0,15.44625,15.2795658333333,0,0,19.8725,14.7432296666667,0,0,5.05375,4.91104916666666,0,0,7.96375,7.81358383333335,0,0,10.3675183333333,10.1559236666667,0,0,22.02625,6.82899433333333,0,0,27.4275,27.2938823333334,0,0,23.88125,23.7138463333334,0,0,12.08375,3.04317916666667,0,0
4.76125,4.5963526,0,0,8.07125,7.70475363333333,0,0,16.25375,16.0407925,0,0,11.9725,11.6516804833333,0,0,11.445,11.237891,0,0,24.38625,24.1611714333333,0,0,28.5575,10.89425,0,0,18.1475,17.1457143833333,0,0,33.36625,29.5816251666667,0,0,66.32625,37.59225,0,0,8.82624999999999,8.67168999999999,0,0,21.2425,20.6753573333334,0,0,19.825,12.7568791666667,0,0,7.38874999999999,7.2304295,0,0,13.26125,13.0998421666667,0,0,19.9275,13.7345391666667,0,0,7.355,7.21229916666665,0,0,15.13125,10.487328,0,0,4.3325135,4.14712233333334,0,0,19.245,6.63884583333333,0,0,19.28625,19.1512238333333,0,0,17.3775,11.9286081666667,0,0,7.56125,7.40967533333335,0,0
4.624375,4.4594733,0,0,8.55,8.18351466666667,0,0,13.47,13.2570545,0,0,10.8688636,10.5586291333333,0,0,10.98125,10.7741585,0,0,24.255,24.0299286333333,0,0,36.28,11.894444,0,0,26.05875,25.0699519966667,0,0,31.36,27.57162,0,0,71.39875,35.84575,0,0,12.6675,10.5747990833333,0,0,19.47875,18.9115886666666,0,0,7.59124999999999,7.0653225,0,0,7.44749999999998,7.29280749999998,0,0,16.67375,16.5137811666666,0,0,24.23125,11.1070006666667,0,0,5.5,5.35226266666666,0,0,16.47375,4.79924950000001,0,0,3.80375000000001,3.61620033333334,0,0,8.5775,8.3522965,0,0,20.12125,19.9838255,0,0,6.985,6.81088100000001,0,0,4.98499999999999,4.83414483333333,0,0
4.41541666666667,4.25051241666666,0,0,8.03624999999999,7.66976669999999,0,0,8.96875,8.755845,0,0,11.6761361166667,11.36569105,0,0,11.65,11.442911,0,0,16.9525,16.7277820333334,0,0,21.93,12.0267694666667,0,0,25.56375,24.5497841833333,0,0,28.3375,24.55662,0,0,80.4325,37.36525,0,0,29.91,29.7538549999999,0,0,24.20875,23.641782,0,0,11.82625,11.4968488333333,0,0,26.67625,12.08779,0,0,20.93125,11.8367223333333,0,0,33.4225,13.5842453333333,0,0,6.53125,6.3923865,0,0,10.44625,4.040439,0,0,3.06502166666666,2.87435416666666,0,0,12.8175,12.5863006666667,0,0,17.9,17.760417,0,0,6.67625,6.50213100000001,0,0,3.60250000000001,3.45476266666668,0,0
4.54083333333333,4.37592993333333,0,0,7.48374999999999,7.11728286666666,0,0,11.7775,11.564546,0,0,14.06000015,13.7498212166666,0,0,10.75,10.5429113,0,0,24.2175,23.9924579333334,0,0,37.68,11.77424,0,0,25.025,24.1978648466667,0,0,35.90375,32.0996253333333,0,0,81.72,37.28625,0,0,29.47,22.769066,0,0,29.2375,28.670702,0,0,13.95125,13.4208856666667,0,0,22.25625,11.6691711666667,0,0,14.70875,14.5384683333333,0,0,48.81375,20.9805023333333,0,0,4.6225,4.48675433333333,0,0,26.77875,8.3025285,0,0,1.94453066666667,1.75314366666667,0,0,7.88875,7.65827016666666,0,0,19.76625,19.6326628333333,0,0,10.80875,10.634631,0,0,7.19875,7.04645583333332,0,0
4.43625,4.2713467,0,0,8.73125,8.36477623333333,0,0,9.28749999999999,9.0745855,0,0,11.4574999833333,11.1474911833333,0,0,10.54375,10.3366625,0,0,25.6625,25.4375022333333,0,0,32.10375,11.53575,0,0,28.8825,28.7634,0,0,38.06625,34.2793808333333,0,0,80.1825,38.0325033333333,0,0,43.2425,24.8938973333334,0,0,24.0525,23.4853953333333,0,0,19.38125,5.38175,0,0,7.97375000000001,5.618695,0,0,14.97875,14.8120353333333,0,0,20.39375,14.6524853333333,0,0,6.95000000000001,6.808978,0,0,8.14500000000001,7.99342533333336,0,0,4.3725135,4.17656966666667,0,0,8.46249999999999,8.22911166666667,0,0,30.93375,30.8040001666667,0,0,14.92,6.96691183333332,0,0,7.87625,7.72851266666667,0,0
4.75,4.5851002,0,0,5.70000000000001,5.33353973333334,0,0,16.67875,16.4657715,0,0,9.00909100000001,8.69859293333333,0,0,10.66125,10.4541615,0,0,21.04125,20.8165087333334,0,0,28.6275,11.325,0,0,21.80625,21.68715,0,0,36.09375,32.3038765,0,0,58.81875,33.034602,0,0,45.79125,26.792051,0,0,21.61375,21.0466706666667,0,0,19.79125,5.76850000000001,0,0,46.5425,20.1274993333333,0,0,13.1275,12.9639336666667,0,0,18.30625,13.3868565,0,0,5.40125000000001,5.26166700000001,0,0,4.79375,4.64289483333334,0,0,4.34250100000001,4.152553,0,0,10.985,10.7544896666667,0,0,19.2925,19.1567543333333,0,0,7.47625,7.09964850000001,0,0,7.54,7.38770583333332,0,0
4.41791666666667,4.25301261666666,0,0,7.05375000000001,6.68727820000001,0,0,11.77125,11.5582815,0,0,12.8734092833333,12.5629826166667,0,0,22.2925,22.0854976666667,0,0,25.13625,24.9114871000001,0,0,27.465,8.81324999999998,0,0,20.39625,20.27715,0,0,33.72875,29.9508766666667,0,0,73.06125,41.085,0,0,37.43875,22.7643148333333,0,0,23.68,23.1169793333333,0,0,32.57125,10.44775,0,0,33.165,10.2697533333333,0,0,8.7725,8.61109216666669,0,0,15.2425,9.15090900000001,0,0,4.49625,4.356667,0,0,4.60750000000001,4.45733383333335,0,0,3.08500133333334,2.90176866666666,0,0,8.38624999999999,8.15648966666666,0,0,15.4175,15.2817543333333,0,0,10.0225,9.8491005,0,0,8.9625,8.81020583333333,0,0
4.51958333333333,4.35467923333333,0,0,8.8575,8.49102233333333,0,0,18.04125,17.8282215,0,0,30.8675,30.5574259999999,0,0,8.09,7.8829025,0,0,15.77875,15.5541424,0,0,32.68375,16.0961066666667,0,0,23.2875,23.1684,0,0,46.47,42.7161798333333,0,0,68.04375,41.13525,0,0,37.40125,23.071897,0,0,21.75125,21.198896,0,0,29.66875,8.0935185,0,0,13.29125,13.1252853333333,0,0,17.21625,17.0519641666667,0,0,14.8075,13.5001218333333,0,0,4.06875000000001,3.92457966666667,0,0,9.81875,9.664777,0,0,10.866251,10.6928515,0,0,11.10625,10.8736116666667,0,0,18.15875,18.017728,0,0,10.76,7.70508183333334,0,0,5.07249999999999,4.92020583333333,0,0
4.37125,4.20634445,0,0,6.52125,6.15478526666668,0,0,15.73,15.0453230833333,0,0,14.1874999833333,13.8770615166667,0,0,11.4325,11.22544,0,0,8.88,8.655547,0,0,28.76625,12.4567443333333,0,0,27.54625,27.42715,0,0,47.15125,43.3555,0,0,64.8275,34.5575,0,0,32.36125,19.2501035,0,0,22.99125,22.4389543333333,0,0,34.68125,13.2582515,0,0,13.14375,12.9801836666667,0,0,13.31,13.1440353333333,0,0,25.21,14.5749953333333,0,0,7.21875000000001,7.07985599999999,0,0,18.11875,4.30518216666666,0,0,9.50500099999997,9.31577250000004,0,0,9.60499999999999,9.37236166666667,0,0,20.33,20.190417,0,0,7.91749999999999,6.14732333333335,0,0,6.965,6.8103075,0,0
4.57208333333333,4.40717908333333,0,0,6.63874999999999,6.27229963333333,0,0,10.58875,10.0414626666667,0,0,8.92500011666668,8.61451851666667,0,0,9.05374999999998,8.84664850000001,0,0,8.49375,8.26930289999999,0,0,23.65875,10.29525,0,0,36.745,36.44683277,0,0,43.275,38.59722,0,0,81.115,42.24175,0,0,29.0125,27.6908868333333,0,0,20.775,20.2226476666667,0,0,39.57625,20.9168466666667,0,0,10.11125,9.94840316666666,0,0,6.40874999999999,6.24662266666666,0,0,19.245,13.4421141666667,0,0,6.65125,6.51022799999999,0,0,5.22,4.6986875,0,0,3.49625133333334,3.31014066666666,0,0,12.26625,12.0102915,0,0,21.10875,20.969167,0,0,16.29,8.16738433333332,0,0,8.43875,8.28930333333334,0,0
4.33541666666667,4.17050986666666,0,0,5.73375000000002,5.36728266666669,0,0,20.86625,19.855879,0,0,10.4975001833333,10.1872749166667,0,0,13.38875,13.181672,0,0,9.9625,9.73805136666667,0,0,29.24875,15.9454681666667,0,0,23.07,22.1502419683333,0,0,37.8025,33.7583813333333,0,0,88.735,48.37075,0,0,20.95625,17.82865,0,0,27.52,26.9676856666667,0,0,23.82875,13.4140906666667,0,0,21.84125,9.74071683333332,0,0,8.02,7.67419983333333,0,0,17.7625,12.2131676666667,0,0,10.57625,10.436667,0,0,4.84125,4.69039483333334,0,0,4.00625000000001,3.82157833333333,0,0,9.0375,8.80869899999999,0,0,29.615,29.4859696666666,0,0,11.8775,7.43509733333333,0,0,4.09000000000001,3.94370166666666,0,0
10.57125,10.40736585,0,0,5.41500000000001,5.04855673333334,0,0,9.16125000000001,8.77835403333334,0,0,10.00250025,9.69202818333334,0,0,8.11000000000001,7.90289949999999,0,0,19.6525,19.4279476333333,0,0,23.155,13.020015,0,0,27.8825,26.9549254333333,0,0,31.265,27.37462,0,0,68.85625,41.0629316666667,0,0,26.10875,18.8070696666667,0,0,25.8475,25.2952906666666,0,0,18.635,8.57211933333335,0,0,27.47125,12.0870718333333,0,0,18.5825,18.1586896666667,0,0,13.91625,8.76212366666667,0,0,4.565,4.42613649999999,0,0,8.0225,7.883606,0,0,4.59250033333334,4.40638966666667,0,0,20.0825,19.8041583333333,0,0,19.23125,19.0955043333333,0,0,7.88500000000001,7.7116005,0,0,6.33875,6.18573633333333,0,0
9.065,8.90111271666668,0,0,5.51874999999999,5.15368309999999,0,0,11.755,10.9709055,0,0,18.3375000666666,18.0271039333334,0,0,8.21749999999999,8.01040413333333,0,0,16.8525,16.6279188333334,0,0,25.245,15.146777,0,0,17.74875,16.6730696833333,0,0,36.81,32.8236256666667,0,0,73.6375,39.87625,0,0,18.03125,17.8700603333333,0,0,23.84625,23.293934,0,0,27.29875,11.7368281666667,0,0,26.45125,16.0591191666667,0,0,13.03875,12.8713463333333,0,0,15.39375,10.2216008333333,0,0,4.91000000000001,4.77041700000001,0,0,7.16125000000001,7.00128116666668,0,0,4.12750033333334,3.94594533333333,0,0,11.12,10.892638,0,0,9.3,9.25730966666667,0,0,6.94,6.76731999999998,0,0,6.325,6.17630333333334,0,0
22.8725,22.7087204166667,0,0,10.6916666666667,10.3266279333333,0,0,14.7475,14.5511145,0,0,14.1991666,13.8887202,0,0,10.88,10.6728995,0,0,11.68875,11.4642982666667,0,0,25.1775,15.1512355,0,0,25.1175,24.270846845,0,0,33.73,29.5313716666667,0,0,68.15,39.72575,0,0,23.02875,22.8675513333333,0,0,27.58,27.0278236666666,0,0,25.19625,7.24334566666667,0,0,7.79000000000001,7.62640316666666,0,0,13.31875,13.1520658333333,0,0,11.055,10.296669,0,0,5.16,5.02113649999999,0,0,6.70125,6.55039483333334,0,0,20.32375,20.1232493333333,0,0,18.20625,9.98079866666667,0,0,9.89625000000001,9.81302783333334,0,0,20.6,14.536294,0,0,18.42,9.77688100000001,0,0
8.88375,8.71985721666668,0,0,5.51958333333334,5.15451583333334,0,0,15.58375,15.3873418333334,0,0,11.6006061833333,11.2901575833333,0,0,8.5225,8.31540099999999,0,0,14.01625,13.7917182,0,0,44.2125,15.6677305,0,0,25.23,24.3859910333334,0,0,34.32625,30.0008808333333,0,0,61.36125,32.535,0,0,21.9375,21.776342,0,0,26.7925,26.240307,0,0,33.52,14.9056271666667,0,0,7.7875,7.62393366666669,0,0,12.525,12.368149,0,0,13.83375,11.6968926666667,0,0,6.1625,6.02072799999999,0,0,5.35,5.19698633333334,0,0,8.07125000000001,7.86475566666668,0,0,7.985,7.7569185,0,0,10.515,10.4039571666667,0,0,17.36375,10.1375356666666,0,0,22.4424999999999,8.99414216666667,0,0
10.63125,10.4673887,0,0,13.07875,12.6810172,0,0,24.4425,13.7170328,0,0,8.94671878333334,8.63778405,0,0,31.71125,16.3417625,0,0,18.67625,18.4535872666667,0,0,28.8575,13.8499395,0,0,21.3025,19.2208107366667,0,0,58.2124999999999,35.1586106666667,0,0,64.35875,42.69725,0,0,31.05875,24.2440081666667,0,0,24.4300000000001,21.8682458333333,0,0,28.495,12.0653011666667,0,0,5.11250000000001,4.94965316666667,0,0,7.1425,6.9834905,0,0,20.14625,10.2925601666667,0,0,7.0975,6.959356,0,0,8.71625000000001,5.77324666666668,0,0,5.2175,5.03354783333333,0,0,7.66874999999999,7.44810333333333,0,0,12,11.893514,0,0,27.92,13.9999781666667,0,0,11.085,10.9334253333333,0,0
11.49125,11.3273963333333,0,0,10.48375,10.0860642666667,0,0,19.7075,7.65303576666667,0,0,9.46328128333333,9.15433318333333,0,0,26.6775,12.5028541666667,0,0,32.33625,26.2160930333333,0,0,38.835,14.856733,0,0,53.3875,38.3935481183333,0,0,56.31875,33.4899668333333,0,0,74.53375,48.8545,0,0,20.2,19.1861966666667,0,0,41.5262499999999,23.270505,0,0,28.655,9.22910016666666,0,0,14.415,14.2521531666667,0,0,17.005,16.8488685,0,0,14.6125,13.2488565,0,0,5.99750000000001,5.85791700000001,0,0,5.76375,4.7443175,0,0,7.31125,7.11914350000001,0,0,17.4425,7.15609933333334,0,0,13.6425,13.5352945,0,0,18.975,9.06808416666667,0,0,10.55625,10.4053948333333,0,0
12.2925,12.1286463833333,0,0,6.075,5.67732646666668,0,0,9.3075,8.61084914999999,0,0,11.4282352333333,11.11927015,0,0,34.7625,15.615169,0,0,26.2125,20.6684791666667,0,0,32.28625,11.1242373333333,0,0,21.04,19.87341608,0,0,53.523637,35.3980901666666,0,0,67.18625,36.836,0,0,15.09625,14.9380496666667,0,0,26.01125,23.0985621666666,0,0,24.085,7.35763533333334,0,0,5.84125000000001,5.67984216666667,0,0,7.99999999999998,4.95500233333333,0,0,14.0025,12.838369,0,0,17.9125,17.775795,0,0,6.57875,6.43026266666667,0,0,5.80625,5.6141435,0,0,27.5975,8.75451333333334,0,0,18.55875,18.4498656666667,0,0,9.90499999999999,6.66714333333333,0,0,20.2775,13.30855,0,0
10.345,10.1811198166667,0,0,3.625,3.2273377,0,0,9.685,9.21004149999999,0,0,9.10926495,8.80032843333334,0,0,9.47875,9.27090333333334,0,0,27.9825,27.76103,0,0,30.56,15.3214281666667,0,0,19.475,18.46350374,0,0,40.8490028,31.851367,0,0,63.9025,36.2335,0,0,54.655,30.7457408333333,0,0,27.9712500000001,25.0383035,0,0,30.0375,8.50481533333333,0,0,8.11750000000001,7.95753116666668,0,0,7.03624999999999,5.8085,0,0,39.7225,18.1313408333333,0,0,5.39,5.25185600000001,0,0,7.98875000000001,3.79162050000001,0,0,17.36,6.90124633333334,0,0,18.4075,9.61901499999999,0,0,20.00875,19.9171336666667,0,0,8.71499999999999,8.54160049999999,0,0,30.0075,7.65886916666665,0,0
8.3475,8.18359428333335,0,0,7.3625,6.96480513333334,0,0,26.2375,7.37505430000001,0,0,8.90050013333334,8.59156406666667,0,0,40.41,16.4642746666667,0,0,29.35125,23.5183646,0,0,38.495,14.5529601666667,0,0,22.4575,21.4042393516667,0,0,55.1202436666667,36.1803383333333,0,0,55.825,34.276,0,0,44.43,21.7072526666667,0,0,42.3937499999999,24.2727088333333,0,0,25.8125,10.9998765,0,0,8.77375,8.61234216666668,0,0,6.13374999999998,4.9015,0,0,19.83625,15.1478793333333,0,0,7.85875,7.71604916666667,0,0,6.90875,6.75933383333334,0,0,6.04000000000003,4.10119183333335,0,0,13.31375,7.73507366666666,0,0,17.64,17.5776433333333,0,0,5.815,5.64160050000001,0,0,38.785,12.2394198333333,0,0
12.83,12.6661489666667,0,0,5.92125000000001,5.52357780000001,0,0,14.00375,13.5357568666667,0,0,17.5620834833333,17.2525137833333,0,0,19.785,10.8296001666667,0,0,21.89625,21.6771458666666,0,0,24.53375,14.9403141666667,0,0,18.9775,17.9096456833334,0,0,43.7400350533333,35.0194206666667,0,0,45.325,28.7988146666667,0,0,50.6225,28.0387416666667,0,0,25.1075,24.5577585,0,0,28.12875,10.3895845,0,0,13.8,13.6400311666666,0,0,6.35374999999998,4.98725,0,0,16.90125,12.2405715,0,0,6.32375,6.1841365,0,0,3.5675,3.42048216666666,0,0,8.41250433333332,2.51445283333333,0,0,21.6775,14.431616,0,0,14.845,14.8358863333333,0,0,7.00749999999999,6.83478949999999,0,0,21.77,6.64620333333335,0,0
7.4475,7.28259624999999,0,0,8.77375,8.37603426666667,0,0,9.46125,8.99326046666668,0,0,13.3187501666667,13.0065809,0,0,8.15625,7.94938166666668,0,0,19.65125,19.4319617166667,0,0,14.04375,12.2259,0,0,27.92,26.9152530733333,0,0,37.8839054666667,33.7850503333334,0,0,0,0,0,0,39.10875,21.2739026666666,0,0,31.14875,30.599046,0,0,28.94375,9.81709450000001,0,0,0,0,0,0,0,0,0,0,0,0,0,0,0,0,0,0,0,0,0,0,25.26125,9.01918266666667,0,0,19.37875,8.60187200000001,0,0,15.27375,15.2706321666667,0,0,11.81125,8.10083816666666,0,0,20.3675,4.13073266666666,0,0
